{"train/loss": 0.6180733442306519, "train/loss_std": 0.054854001849889755, "train/mem": 6.1977739334106445, "_timestamp": 1744050350.9792728, "_runtime": 545.9055368900299, "_step": 2, "eval/denoise_lvl0": 9.89756472336012e-07, "eval/denoise_lvl1": 0.0002154990070266649, "eval/denoise_lvl2": 0.03029550425708294, "eval/denoise_lvl3": 0.0011092842323705554, "eval/denoise_lvl4": 0.00426936149597168}