{"train/loss": 0.6809811592102051, "train/loss_std": 0.4213795065879822, "_timestamp": 1744048567.9886284, "_runtime": 189.14558029174805, "_step": 0}